"Reference","Qty","Value","DNP","Exclude from BOM","Exclude from Board","Footprint","Datasheet"
"A1","1","RaspberryPi_Pico","","","","Module:RaspberryPi_Pico_Common_Unspecified","https://datasheets.raspberrypi.com/pico/pico-datasheet.pdf"
"C1,C2,C3,C6,C9","5","100nf","","","","Capacitor_SMD:C_0603_1608Metric",""
"C4,C5","2","2.2uf","","","","Capacitor_THT:CP_Radial_D4.0mm_P2.00mm",""
"C7","1","1uf","","","","Capacitor_THT:CP_Radial_D4.0mm_P2.00mm",""
"C8","1","10uf","","","","Capacitor_THT:CP_Radial_D5.0mm_P2.50mm",""
"D1,D2,D3","3","LED","","","","LED_SMD:LED_0805_2012Metric",""
"J1","1","IR1","","","","Connector_PinHeader_2.54mm:PinHeader_1x03_P2.54mm_Vertical",""
"J2","1","IR2","","","","Connector_PinHeader_2.54mm:PinHeader_1x03_P2.54mm_Vertical",""
"J3","1","IR3","","","","Connector_PinHeader_2.54mm:PinHeader_1x03_P2.54mm_Vertical",""
"J4,J5","2","Conn_01x06_Socket","","","","Connector_JST:JST_XH_B6B-XH-A_1x06_P2.50mm_Vertical",""
"J6","1","Conn_01x06_Pin","","","","Connector_PinHeader_2.54mm:PinHeader_1x06_P2.54mm_Vertical",""
"J7","1","Conn_01x04_Pin","","","","Connector_PinHeader_2.54mm:PinHeader_1x04_P2.54mm_Vertical",""
"J8","1","Conn_02x05_Odd_Even","","","","Connector_PinHeader_2.54mm:PinHeader_2x05_P2.54mm_Vertical",""
"J9","1","Conn_01x03_Pin","","","","Connector_JST:JST_PH_B3B-PH-K_1x03_P2.00mm_Vertical",""
"Q1","1","SL2301S","","","","Package_TO_SOT_SMD:SOT-23","https://mm.digikey.com/Volume0/opasdata/d220001/medias/docus/6778/5399_SL2301S%20SOT-23.PDF"
"R1,R2,R7","3","330R","","","","Resistor_SMD:R_0603_1608Metric",""
"R3,R4","2","10K","","","","Resistor_SMD:R_0603_1608Metric",""
"R5","1","2K","","","","Resistor_SMD:R_0603_1608Metric",""
"R6,R8","2","100K","","","","Resistor_SMD:R_0603_1608Metric",""
"SW1,SW2","2","SW_MEC_5E","","","","Button_Switch_THT:SW_PUSH_6mm_H5mm","http://www.apem.com/int/index.php?controller=attachment&id_attachment=1371"
"SW3","1","SW_SPDT","","","","Library:SLW-1678105-6A-N-D","https://www.digikey.com.au/en/products/detail/same-sky-formerly-cui-devices/SLW-1678105-6A-N-D/24399218?srsltid=AfmBOopoZk85bTJZrtmbLb-JTyAMmfkXMMAa7xUAsJqsGcs7VVHKHKVM"
"TP1,TP2","2","TestPoint","","","","TestPoint:TestPoint_Pad_D1.0mm",""
"U1,U2","2","DRV8210DRLR","","","","Package_TO_SOT_SMD:SOT-563","https://www.ti.com/lit/gpn/drv8210"
"U3","1","BQ25185DLHR","","","","Library:WSON10_DLH_TEX","https://www.ti.com/lit/gpn/bq25185"
